Run,SRA,Model,Assay,LibrarySelection,Class,Part of microRNAOme 1,CellType,batch used in the normalization approaches,group used in the normalization approaches,Total_reads,Total Filtered reads,Trimmed Reads (unique),All_miRNA_Reads,Filtered_miRNA_Reads,Unique_miRNAs,Hairpin miRNAs Reads,mature tRNA Reads,primary tRNA Reads,snoRNA Reads,rRNA Reads,Other ncRNA reads,mRNA Reads,Remaining Reads,Experiment,BioProject,Sample,BioSample,CenterName,DOI,PMID
DRR041393,DRP001151,Illumina HiSeq 2000,miRNA-Seq,unspecified,Fat,No,Adipocyte,159,47,2301241,1301555,71989,725013,722561,469,256,56893,2675,91570,270680,41027,28084,85357,DRX037027,PRJDB2675,DRS007996,SAMD00004870,RIKEN_OSC,DOI: 10.1038/nbt.3947,28829439
DRR041530,DRP001151,Illumina HiSeq 2000,miRNA-Seq,unspecified,Fat,No,Adipocyte,159,47,3782536,3563881,117085,2292242,2290147,512,1413,725570,6806,74044,269459,49651,12448,132248,DRX037164,PRJDB2675,DRS007988,SAMD00004950,RIKEN_OSC,DOI: 10.1038/nbt.3947,28829439
DRR041578,DRP001151,Illumina HiSeq 2000,miRNA-Seq,unspecified,Fat,No,Adipocyte,159,47,2906968,2713616,101261,1851235,1848312,508,1150,459383,7891,58615,181732,37776,13487,102347,DRX037212,PRJDB2675,DRS007989,SAMD00005945,RIKEN_OSC,DOI: 10.1038/nbt.3947,28829439
DRR041592,DRP001151,Illumina HiSeq 2000,miRNA-Seq,unspecified,Fat,No,Adipocyte,159,47,2010240,1917859,104623,934069,932221,418,482,564743,4046,31991,173070,93572,11904,103982,DRX037226,PRJDB2675,DRS007994,SAMD00004865,RIKEN_OSC,DOI: 10.1038/nbt.3947,28829439
DRR041620,DRP001151,Illumina HiSeq 2000,miRNA-Seq,unspecified,Fat,No,Adipocyte,159,47,2925215,2736780,110066,1870453,1868037,488,2569,293625,9718,122136,240101,73440,27193,97545,DRX037254,PRJDB2675,DRS007995,SAMD00005509,RIKEN_OSC,DOI: 10.1038/nbt.3947,28829439
DRR041399,DRP001151,Illumina HiSeq 2000,miRNA-Seq,unspecified,Fibroblast,No,Annulus_fibrosus_cell,159,40,1374559,948875,90132,180505,179055,338,523,96411,630,25964,519154,36912,6326,82450,DRX037033,PRJDB2675,DRS008003,SAMD00005107,RIKEN_OSC,DOI: 10.1038/nbt.3947,28829439
DRR041408,DRP001151,Illumina HiSeq 2000,miRNA-Seq,unspecified,Fibroblast,No,Annulus_fibrosus_cell,159,40,1127004,731871,78536,138115,137027,310,457,78229,499,20281,381808,37894,6986,67602,DRX037042,PRJDB2675,DRS008004,SAMD00005450,RIKEN_OSC,DOI: 10.1038/nbt.3947,28829439
SRR1664893,SRP050333,Illumina HiSeq 2000,ncRNA-Seq,size fractionation,RBC,SRR1664893,Red_blood_cell,51,49,17692965,17098600,128975,14938190,14935096,517,10661,81084,8,497,208243,1615870,3727,240320,SRX769817,PRJNA268835,SRS753967,SAMN03225413,GEO,DOI: 10.1186/s12864-015-2156-2,26573221
SRR1664894,SRP050333,Illumina HiSeq 2000,ncRNA-Seq,size fractionation,RBC,SRR1664894,Red_blood_cell,51,49,16713448,16356343,110797,14287188,14284568,497,21996,43166,0,508,166728,1646378,3600,186779,SRX769819,PRJNA268835,SRS753969,SAMN03225414,GEO,DOI: 10.1186/s12864-015-2156-2,26573221
SRR1664895,SRP050333,Illumina HiSeq 2000,ncRNA-Seq,size fractionation,RBC,SRR1664895,Red_blood_cell,51,49,31614208,31475833,173103,28180483,28174244,622,33700,117413,28,1027,251816,2469781,7016,414569,SRX769818,PRJNA268835,SRS753968,SAMN03225416,GEO,DOI: 10.1186/s12864-015-2156-2,26573221
SRR1664896,SRP050333,Illumina HiSeq 2000,ncRNA-Seq,size fractionation,RBC,SRR1664896,Red_blood_cell,51,49,9927231,9827320,60220,8928193,8927293,329,3005,14893,1,130,108641,634319,1446,136692,SRX769820,PRJNA268835,SRS753971,SAMN03225415,GEO,DOI: 10.1186/s12864-015-2156-2,26573221
SRR1664897,SRP050333,Illumina HiSeq 2000,ncRNA-Seq,size fractionation,RBC,SRR1664897,Red_blood_cell,51,49,21196809,20798327,140797,18676961,18673191,565,11034,41779,5,734,163301,1615594,6780,282139,SRX769821,PRJNA268835,SRS753970,SAMN03225412,GEO,DOI: 10.1186/s12864-015-2156-2,26573221
SRR1988283,SRP057590,Illumina HiSeq 2500,miRNA-Seq,size fractionation,Fibroblast,SRR1988283,Fibroblast_lung,146,24,17198144,8613663,467778,5111718,5084596,768,12851,710903,30201,151769,1743840,195139,75911,581331,SRX1005606,PRJNA282001,SRS918899,SAMN03565555,GEO,DOI: 10.1242/dev.122747,26395143
SRR1988284,SRP057590,Illumina HiSeq 2500,miRNA-Seq,size fractionation,Fibroblast,SRR1988284,Fibroblast_lung,146,24,14033384,6320658,386699,3598085,3576213,718,8899,542247,23417,106556,1369277,155312,52838,464027,SRX1005607,PRJNA282001,SRS918898,SAMN03565556,GEO,DOI: 10.1242/dev.122747,26395143
SRR1988285,SRP057590,Illumina HiSeq 2500,miRNA-Seq,size fractionation,Fibroblast,SRR1988285,Fibroblast_lung,146,24,13534259,6106791,380013,3441564,3421110,732,8486,518314,22493,105451,1342452,147158,59292,461581,SRX1005608,PRJNA282001,SRS918897,SAMN03565557,GEO,DOI: 10.1242/dev.122747,26395143
SRR1988286,SRP057590,Illumina HiSeq 2500,miRNA-Seq,size fractionation,Fibroblast,SRR1988286,Fibroblast_lung,146,24,20515658,9708138,535409,5436132,5406168,803,14316,880985,34502,171459,2162557,232294,90145,685748,SRX1005609,PRJNA282001,SRS918896,SAMN03565558,GEO,DOI: 10.1242/dev.122747,26395143
SRR3199263,SRP071051,Illumina HiSeq 2000,miRNA-Seq,size fractionation,Fibroblast,No,Fibroblast,106,24,3607743,3240820,171652,2391388,2373469,550,10600,500086,5256,19919,24741,30336,10853,247641,SRX1609218,PRJNA314028,SRS1318725,SAMN04527104,GEO,DOI: 10.1111/jne.12455,28071834
DRR041351,DRP001151,Illumina HiSeq 2000,miRNA-Seq,unspecified,Fibroblast,No,Fibroblast_aortic_adventitial,159,24,1277323,1004512,90625,213343,211355,353,1035,18477,1252,361477,187458,100530,10402,110538,DRX036985,PRJDB2675,DRS007926,SAMD00005544,RIKEN_OSC,DOI: 10.1038/nbt.3947,28829439
DRR041354,DRP001151,Illumina HiSeq 2000,miRNA-Seq,unspecified,Fibroblast,No,Fibroblast_aortic_adventitial,159,24,840833,665276,65478,220800,218806,336,931,100661,4084,70416,147694,35607,9339,75744,DRX036988,PRJDB2675,DRS007927,SAMD00005828,RIKEN_OSC,DOI: 10.1038/nbt.3947,28829439
DRR041539,DRP001151,Illumina HiSeq 2000,miRNA-Seq,unspecified,Fibroblast,No,Fibroblast_aortic_adventitial,159,24,1853915,1649225,75171,817242,815661,447,1618,483376,5958,25266,189077,35653,5999,85036,DRX037173,PRJDB2675,DRS008133,SAMD00005194,RIKEN_OSC,DOI: 10.1038/nbt.3947,28829439
DRR041551,DRP001151,Illumina HiSeq 2000,miRNA-Seq,unspecified,Fibroblast,No,Fibroblast_aortic_adventitial,159,24,1003767,839502,49999,419745,418377,404,800,196890,5493,13988,126761,20879,3825,51121,DRX037185,PRJDB2675,DRS008132,SAMD00005860,RIKEN_OSC,DOI: 10.1038/nbt.3947,28829439
DRR041568,DRP001151,Illumina HiSeq 2000,miRNA-Seq,unspecified,Fibroblast,No,Fibroblast_aortic_adventitial,159,24,893656,744921,46892,364863,363599,422,684,205810,3935,11174,90802,14441,3514,49698,DRX037202,PRJDB2675,DRS008134,SAMD00005894,RIKEN_OSC,DOI: 10.1038/nbt.3947,28829439
DRR041374,DRP001151,Illumina HiSeq 2000,miRNA-Seq,unspecified,Fibroblast,No,Fibroblast_breast,159,24,2673026,2356986,262991,310737,308763,439,894,676692,45,79602,629978,246411,85329,327298,DRX037008,PRJDB2675,DRS008165,SAMD00005624,RIKEN_OSC,DOI: 10.1038/nbt.3947,28829439
DRR041388,DRP001151,Illumina HiSeq 2000,miRNA-Seq,unspecified,Fibroblast,No,Fibroblast_breast,159,24,2013266,1482592,79256,651467,646980,477,1897,79255,6109,44082,526713,39022,8875,125172,DRX037022,PRJDB2675,DRS008164,SAMD00004716,RIKEN_OSC,DOI: 10.1038/nbt.3947,28829439
DRR041438,DRP001151,Illumina HiSeq 2000,miRNA-Seq,unspecified,Fibroblast,No,Fibroblast_breast,159,24,875361,823405,50503,278620,277094,386,1152,36248,2137,22137,385178,17603,6446,73884,DRX037072,PRJDB2675,DRS008163,SAMD00004849,RIKEN_OSC,DOI: 10.1038/nbt.3947,28829439
DRR041594,DRP001151,Illumina HiSeq 2000,miRNA-Seq,unspecified,Fibroblast,No,Fibroblast_choroid_plexus,159,24,1131876,1085977,65977,316511,315664,386,578,229551,2201,21259,420732,23247,3960,67938,DRX037228,PRJDB2675,DRS008141,SAMD00004719,RIKEN_OSC,DOI: 10.1038/nbt.3947,28829439
SRR5195030,SRP097595,NextSeq 500,miRNA-Seq,RT-PCR,Fibroblast,No,Fibroblast_dermal,79,24,12899801,11366156,2062823,5403444,5381829,675,10530,1578399,30189,133317,1016368,317450,125132,2751327,SRX2510663,PRJNA362756,SRS1934562,SAMN06246976,S.P.PUNE UNIVERSITY,-,-
SRR5195032,SRP097595,NextSeq 500,miRNA-Seq,RT-PCR,Fibroblast,No,Fibroblast_dermal,79,24,14979540,13030472,3027938,5892239,5852255,659,20238,643383,29697,231397,1931322,233733,109979,3938484,SRX2510665,PRJNA362756,SRS1934564,SAMN06246974,S.P.PUNE UNIVERSITY,-,-
SRR5195033,SRP097595,NextSeq 500,miRNA-Seq,RT-PCR,Fibroblast,No,Fibroblast_dermal,79,24,16796463,15412507,1643180,5836865,5804496,633,14723,1526217,12884,262456,4708196,400706,138371,2512089,SRX2510666,PRJNA362756,SRS1934565,SAMN06246973,S.P.PUNE UNIVERSITY,-,-
SRR5195034,SRP097595,NextSeq 500,miRNA-Seq,RT-PCR,Fibroblast,No,Fibroblast_dermal,79,24,12988602,12427712,1996135,5334282,5313834,617,22790,1568643,37201,383597,1773814,326869,427420,2553096,SRX2510667,PRJNA362756,SRS1934566,SAMN06246972,S.P.PUNE UNIVERSITY,-,-
SRR5200942,SRP097595,NextSeq 500,miRNA-Seq,RT-PCR,Fibroblast,No,Fibroblast_dermal,79,24,25249051,17451462,233979,9851305,9834291,718,5518,1153565,26555,357588,4079407,415430,51359,1510735,SRX2510668,PRJNA362756,SRS1934567,SAMN06246971,S.P.PUNE UNIVERSITY,-,-
SRR5200943,SRP097595,NextSeq 500,miRNA-Seq,RT-PCR,Fibroblast,No,Fibroblast_dermal,79,24,11668688,9645270,389345,1393645,1363359,465,3190,602243,10493,126838,3885408,473596,39435,3110422,SRX2510664,PRJNA362756,SRS1934563,SAMN06246975,S.P.PUNE UNIVERSITY,-,-
SRR5901590,SRP114864,Illumina HiSeq 2500,miRNA-Seq,size fractionation,Fibroblast,No,Fibroblast_dermal,103,24,15164160,6285222,366647,2576353,2546213,811,14988,1646211,156357,77254,520307,179284,46141,1068327,SRX3063159,PRJNA397215,SRS2408281,SAMN07451694,GEO,DOI: 10.1038/s41467-017-01359-w,29093487
SRR5901591,SRP114864,Illumina HiSeq 2500,miRNA-Seq,size fractionation,Fibroblast,No,Fibroblast_dermal,103,24,18037050,8626948,470275,3379254,3323578,870,19970,2587734,196269,106340,731705,245215,70648,1289813,SRX3063160,PRJNA397215,SRS2408280,SAMN07451693,GEO,DOI: 10.1038/s41467-017-01359-w,29093487
SRR5901592,SRP114864,Illumina HiSeq 2500,miRNA-Seq,size fractionation,Fibroblast,No,Fibroblast_dermal,103,24,17430518,8094165,498148,2976564,2913018,844,14036,2426934,175645,95778,993006,227793,72616,1111793,SRX3063161,PRJNA397215,SRS2408279,SAMN07451692,GEO,DOI: 10.1038/s41467-017-01359-w,29093487
SRR5901584,SRP114864,Illumina HiSeq 2500,miRNA-Seq,size fractionation,Fibroblast,No,Fibroblast_dermal_derived,103,24,15663929,10113006,605954,5422072,5331474,764,11768,737190,27705,347333,1164627,428261,67182,1906868,SRX3063153,PRJNA397215,SRS2408287,SAMN07451700,GEO,DOI: 10.1038/s41467-017-01359-w,29093487
SRR5901585,SRP114864,Illumina HiSeq 2500,miRNA-Seq,size fractionation,Fibroblast,No,Fibroblast_dermal_derived,103,24,16910575,10791379,644719,5949868,5855278,787,12880,770892,26875,343475,1325539,384626,73355,1903869,SRX3063154,PRJNA397215,SRS2408286,SAMN07451699,GEO,DOI: 10.1038/s41467-017-01359-w,29093487
SRR5901586,SRP114864,Illumina HiSeq 2500,miRNA-Seq,size fractionation,Fibroblast,No,Fibroblast_dermal_derived,103,24,15520385,9567500,600106,5132612,5059601,748,11426,670923,23134,339506,1210386,373083,66999,1739431,SRX3063155,PRJNA397215,SRS2408285,SAMN07451698,GEO,DOI: 10.1038/s41467-017-01359-w,29093487
SRR8550262,SRP184658,NextSeq 500,miRNA-Seq,size fractionation,Fibroblast,No,Fibroblast_dermal_neonatal,86,24,8074636,6691142,307793,4887310,4874679,653,9648,234959,60068,76292,850968,89898,14096,467903,SRX5352178,PRJNA521474,SRS4343293,SAMN10888906,GEO,DOI: 10.1038/s41598-019-52294-3,31673026
SRR8550263,SRP184658,NextSeq 500,miRNA-Seq,size fractionation,Fibroblast,No,Fibroblast_dermal_neonatal,86,24,10475879,8696120,347771,6249817,6234852,693,12203,334582,78686,103873,1179591,124213,18724,594431,SRX5352179,PRJNA521474,SRS4343294,SAMN10888905,GEO,DOI: 10.1038/s41598-019-52294-3,31673026
SRR8550264,SRP184658,NextSeq 500,miRNA-Seq,size fractionation,Fibroblast,No,Fibroblast_dermal_neonatal,86,24,10236913,8893731,428356,6105256,6090680,686,15199,501512,82377,176271,1195763,167838,24385,625130,SRX5352180,PRJNA521474,SRS4343295,SAMN10888904,GEO,DOI: 10.1038/s41598-019-52294-3,31673026
SRR8550265,SRP184658,NextSeq 500,miRNA-Seq,size fractionation,Fibroblast,No,Fibroblast_dermal_neonatal,86,24,9443552,7181176,418556,4670612,4655332,685,11998,353776,50848,201624,1050943,197319,26819,617237,SRX5352181,PRJNA521474,SRS4343296,SAMN10888903,GEO,DOI: 10.1038/s41598-019-52294-3,31673026
SRR8550266,SRP184658,NextSeq 500,miRNA-Seq,size fractionation,Fibroblast,No,Fibroblast_dermal_neonatal,86,24,8436421,6554139,407915,4348420,4335020,665,10500,339538,45566,133969,952229,159405,25671,538841,SRX5352182,PRJNA521474,SRS4343297,SAMN10888902,GEO,DOI: 10.1038/s41598-019-52294-3,31673026
SRR8550267,SRP184658,NextSeq 500,miRNA-Seq,size fractionation,Fibroblast,No,Fibroblast_dermal_neonatal,86,24,9094680,6979689,407390,4278041,4264375,682,9663,398965,61160,137317,1260442,197848,23804,612449,SRX5352183,PRJNA521474,SRS4343298,SAMN10888901,GEO,DOI: 10.1038/s41598-019-52294-3,31673026
SRR8094756,SRP136469,Illumina HiSeq 2500,miRNA-Seq,size fractionation,Fibroblast,No,Fibroblast_embryonic,115,24,15009803,14369441,995961,9714241,9653218,742,41433,607658,129032,187900,970953,382185,61143,2274896,SRX4921608,PRJNA445694,SRS3966933,SAMN10278913,GEO,DOI: 10.1038/s41422-019-0196-x,31270412
SRR8094757,SRP136469,Illumina HiSeq 2500,miRNA-Seq,size fractionation,Fibroblast,No,Fibroblast_embryonic,115,24,14041617,13774350,1135269,3487093,3474342,671,31931,2702267,90955,494087,3158438,1400147,194078,2215354,SRX4921609,PRJNA445694,SRS3966935,SAMN10278912,GEO,DOI: 10.1038/s41422-019-0196-x,31270412
SRR8094758,SRP136469,Illumina HiSeq 2500,miRNA-Seq,size fractionation,Fibroblast,No,Fibroblast_embryonic,115,24,14592688,14109589,1488884,8387880,8349449,717,25343,676172,56098,348790,1612388,405810,214477,2382631,SRX4921610,PRJNA445694,SRS3966934,SAMN10278911,GEO,DOI: 10.1038/s41422-019-0196-x,31270412
SRR4176816,SRP090091,Illumina HiSeq 2500,ncRNA-Seq,size fractionation,Fibroblast,No,Fibroblast_endometrial_stroma,113,24,23288681,16374989,614831,8139323,8123825,717,12940,650881,25827,1372709,3668616,870877,137845,1495971,SRX2141423,PRJNA342633,SRS1673228,SAMN05733311,GEO,DOI: 10.1095/biolreprod.116.142547,28395321
SRR4176817,SRP090091,Illumina HiSeq 2500,ncRNA-Seq,size fractionation,Fibroblast,No,Fibroblast_endometrial_stroma,113,24,23819336,18407683,780702,9635923,9602953,735,14914,884882,26733,1538573,3364628,969303,207975,1764752,SRX2141424,PRJNA342633,SRS1673229,SAMN05733310,GEO,DOI: 10.1095/biolreprod.116.142547,28395321
SRR4176818,SRP090091,Illumina HiSeq 2500,ncRNA-Seq,size fractionation,Fibroblast,No,Fibroblast_endometrial_stroma,113,24,26216526,18664984,741804,9705134,9687748,717,15914,768258,34900,1468325,3902476,918418,200463,1651096,SRX2141425,PRJNA342633,SRS1673230,SAMN05733309,GEO,DOI: 10.1095/biolreprod.116.142547,28395321
SRR4176819,SRP090091,Illumina HiSeq 2500,ncRNA-Seq,size fractionation,Fibroblast,No,Fibroblast_endometrial_stroma,113,24,23483135,16772934,782315,8302519,8267201,699,10837,842384,25912,1422714,3329060,894935,186768,1757805,SRX2141426,PRJNA342633,SRS1673231,SAMN05733308,GEO,DOI: 10.1095/biolreprod.116.142547,28395321
SRR4176820,SRP090091,Illumina HiSeq 2500,ncRNA-Seq,size fractionation,Fibroblast,No,Fibroblast_endometrial_stroma,113,24,21941832,16442239,739019,8012293,7993811,736,13216,596761,26969,1177354,3964523,818564,204898,1627661,SRX2141427,PRJNA342633,SRS1673232,SAMN05733307,GEO,DOI: 10.1095/biolreprod.116.142547,28395321
SRR4176821,SRP090091,Illumina HiSeq 2500,ncRNA-Seq,size fractionation,Fibroblast,No,Fibroblast_endometrial_stroma,113,24,15994102,12594037,651929,6610544,6585268,673,11449,510257,19704,898428,2355550,609418,243836,1334851,SRX2141428,PRJNA342633,SRS1673233,SAMN05733306,GEO,DOI: 10.1095/biolreprod.116.142547,28395321
SRR4176822,SRP090091,Illumina HiSeq 2500,ncRNA-Seq,size fractionation,Fibroblast,No,Fibroblast_endometrial_stroma,113,24,27100527,21587212,984710,10177787,10154314,782,21423,880900,41878,1551451,5119119,1077305,410035,2307314,SRX2141429,PRJNA342633,SRS1673234,SAMN05733305,GEO,DOI: 10.1095/biolreprod.116.142547,28395321
SRR4176823,SRP090091,Illumina HiSeq 2500,ncRNA-Seq,size fractionation,Fibroblast,No,Fibroblast_endometrial_stroma,113,24,18854671,15215157,792512,7512567,7477514,719,17944,786525,30515,1111495,2876014,722425,303794,1853878,SRX2141430,PRJNA342633,SRS1673235,SAMN05733304,GEO,DOI: 10.1095/biolreprod.116.142547,28395321
SRR4176824,SRP090091,Illumina HiSeq 2500,ncRNA-Seq,size fractionation,Fibroblast,No,Fibroblast_endometrial_stroma,113,24,21649549,16573748,803624,7792197,7769306,772,15637,741194,34885,1093179,4073668,788709,242897,1791382,SRX2141431,PRJNA342633,SRS1673236,SAMN05733303,GEO,DOI: 10.1095/biolreprod.116.142547,28395321
SRR4176825,SRP090091,Illumina HiSeq 2500,ncRNA-Seq,size fractionation,Fibroblast,No,Fibroblast_endometrial_stroma,113,24,22818274,16859410,887881,8099708,8062271,737,16878,828343,26219,1081163,3830090,727602,266797,1982610,SRX2141432,PRJNA342633,SRS1673237,SAMN05733302,GEO,DOI: 10.1095/biolreprod.116.142547,28395321
SRR4176826,SRP090091,Illumina HiSeq 2500,ncRNA-Seq,size fractionation,Fibroblast,No,Fibroblast_endometrial_stroma,113,24,24676679,19071793,948040,9294145,9270734,746,18062,836383,30494,1276889,4379654,914257,322173,1999736,SRX2141433,PRJNA342633,SRS1673238,SAMN05733301,GEO,DOI: 10.1095/biolreprod.116.142547,28395321
SRR4176827,SRP090091,Illumina HiSeq 2500,ncRNA-Seq,size fractionation,Fibroblast,No,Fibroblast_endometrial_stroma,113,24,19245047,15132581,794273,7606111,7574192,710,15338,689906,23716,1068741,3077536,724110,257793,1669330,SRX2141434,PRJNA342633,SRS1673239,SAMN05733300,GEO,DOI: 10.1095/biolreprod.116.142547,28395321
DRR041615,DRP001151,Illumina HiSeq 2000,miRNA-Seq,unspecified,Fibroblast,No,Fibroblast_eye,159,24,2716274,2604424,108804,678168,675536,476,3189,527390,7479,44440,1133144,50884,17249,142481,DRX037249,PRJDB2675,DRS008144,SAMD00005510,RIKEN_OSC,DOI: 10.1038/nbt.3947,28829439
SRR1616136,SRP049050,Illumina Genome Analyzer IIx,miRNA-Seq,size fractionation,Fibroblast,No,Fibroblast_foreskin,1,24,13680182,13633222,711736,69466,68341,110,381,4663,802,1949,8501,2952,606,13543902,SRX736200,PRJNA264297,SRS724302,SAMN03120688,GEO,DOI: 10.1371/journal.pone.0116668,25822230
SRR1690966,SRP050468,Illumina HiSeq 2000,OTHER,size fractionation,Fibroblast,No,Fibroblast_foreskin,99,24,43970319,36758640,2386711,23802299,23498234,812,38591,353597,1131,20347,930713,668916,890738,10052308,SRX793999,PRJNA269099,SRS777512,SAMN03249313,GEO,-,-
SRR1690998,SRP050468,Illumina HiSeq 2000,miRNA-Seq,size fractionation,Fibroblast,No,Fibroblast_foreskin,99,24,47763268,47527202,782511,43683515,43639199,1049,623,1305225,121702,72980,853247,243846,186797,1059267,SRX794031,PRJNA269099,SRS777542,SAMN03249340,GEO,-,-
SRR1690999,SRP050468,Illumina HiSeq 2000,miRNA-Seq,size fractionation,Fibroblast,No,Fibroblast_foreskin,99,24,44587405,43784511,1381234,19313073,19013758,1005,608,6656125,68521,147477,11882064,1059581,371963,4285099,SRX794032,PRJNA269099,SRS777544,SAMN03249342,GEO,-,-
SRR1691000,SRP050468,Illumina HiSeq 2000,miRNA-Seq,size fractionation,Fibroblast,No,Fibroblast_foreskin,99,24,39661954,39042476,1302645,11657077,11239604,908,200,12367877,32659,390470,6879048,2009679,191249,5514217,SRX794033,PRJNA269099,SRS777545,SAMN03249350,GEO,-,-
SRR1691001,SRP050468,Illumina HiSeq 2000,miRNA-Seq,size fractionation,Fibroblast,No,Fibroblast_foreskin,99,24,43051656,42016230,1797482,4368559,3873035,711,50,17059335,19265,536876,7375574,3579983,193262,8883326,SRX794034,PRJNA269099,SRS777546,SAMN03249349,GEO,-,-
SRR1691002,SRP050468,Illumina HiSeq 2000,miRNA-Seq,size fractionation,Fibroblast,No,Fibroblast_foreskin,99,24,45354738,45138057,713326,41560140,41525405,1067,671,1245666,125753,69841,794813,221939,186221,933013,SRX794035,PRJNA269099,SRS777547,SAMN03249348,GEO,-,-
SRR1691003,SRP050468,Illumina HiSeq 2000,miRNA-Seq,size fractionation,Fibroblast,No,Fibroblast_foreskin,99,24,48488017,47762280,1338808,21080189,20800004,1051,680,7504596,81951,161645,13047225,1160215,429666,4296113,SRX794036,PRJNA269099,SRS777548,SAMN03249339,GEO,-,-
SRR1691004,SRP050468,Illumina HiSeq 2000,miRNA-Seq,size fractionation,Fibroblast,No,Fibroblast_foreskin,99,24,49272828,47924923,1326452,13884462,13471950,948,225,16001479,45686,482478,8676449,2510578,253620,6069946,SRX794037,PRJNA269099,SRS777549,SAMN03249352,GEO,-,-
SRR1691005,SRP050468,Illumina HiSeq 2000,miRNA-Seq,size fractionation,Fibroblast,No,Fibroblast_foreskin,99,24,48110384,46955668,1735001,4736066,4277450,740,51,19831335,24519,597059,8324114,3999092,232365,9211067,SRX794038,PRJNA269099,SRS777550,SAMN03249345,GEO,-,-
SRR363673,SRP009246,Illumina Genome Analyzer IIx,RNA-Seq,size fractionation,Fibroblast,No,Fibroblast_foreskin,37,24,4537120,4254926,108963,3018751,3013573,585,9249,82957,10310,875816,45905,32067,12986,166885,SRX105040,PRJNA148583,SRS269941,SAMN00750742,GEO,DOI: 10.1128/JVI.05903-11,22013051
SRR363674,SRP009246,Illumina Genome Analyzer IIx,RNA-Seq,size fractionation,Fibroblast,No,Fibroblast_foreskin,37,24,3494456,3245727,110300,2051639,2048932,585,4676,95948,12109,803797,75698,51526,17550,132784,SRX105041,PRJNA148583,SRS269942,SAMN00750743,GEO,DOI: 10.1128/JVI.05903-11,22013051
SRR363675,SRP009246,Illumina Genome Analyzer IIx,RNA-Seq,size fractionation,Fibroblast,No,Fibroblast_foreskin,37,24,4152077,4012606,104129,1998608,1995603,584,3239,109480,11707,1502249,30815,52745,15133,288630,SRX105042,PRJNA148583,SRS269943,SAMN00750744,GEO,DOI: 10.1128/JVI.05903-11,22013051
SRR363676,SRP009246,Illumina Genome Analyzer IIx,RNA-Seq,size fractionation,Fibroblast,No,Fibroblast_foreskin,37,24,2530263,2380900,67180,845494,842957,560,3078,72654,3998,827650,30429,21532,6551,569514,SRX105043,PRJNA148583,SRS269944,SAMN00750745,GEO,DOI: 10.1128/JVI.05903-11,22013051
SRR6696824,SRP132514,Illumina HiSeq 2500,miRNA-Seq,size fractionation,Fibroblast,No,Fibroblast_foreskin_neonatal,131,24,3993256,3758298,104285,2768662,2766374,549,1260,471276,4494,77542,217732,62095,16440,138797,SRX3671072,PRJNA433554,SRS2932381,SAMN08502993,GEO,-,-
SRR6696825,SRP132514,Illumina HiSeq 2500,miRNA-Seq,size fractionation,Fibroblast,No,Fibroblast_foreskin_neonatal,131,24,5604638,5106251,120286,3940123,3936810,555,997,571401,2144,78293,220572,67494,17893,207334,SRX3671073,PRJNA433554,SRS2932380,SAMN08502992,GEO,-,-
SRR6696826,SRP132514,Illumina HiSeq 2500,miRNA-Seq,size fractionation,Fibroblast,No,Fibroblast_foreskin_neonatal,131,24,10401439,8866893,203595,6921525,6914330,666,3106,736517,11824,172057,492958,141690,30065,357151,SRX3671074,PRJNA433554,SRS2932382,SAMN08502991,GEO,-,-
DRR041380,DRP001151,Illumina HiSeq 2000,miRNA-Seq,unspecified,Fibroblast,No,Fibroblast_gum_fetal,159,24,1311140,981595,62365,498981,495521,433,1081,38602,4423,24826,292921,20511,6784,93466,DRX037014,PRJDB2675,DRS008152,SAMD00005461,RIKEN_OSC,DOI: 10.1038/nbt.3947,28829439
DRR041587,DRP001151,Illumina HiSeq 2000,miRNA-Seq,unspecified,Fibroblast,No,Fibroblast_gum_fetal,159,24,1770001,1693248,71255,447229,445448,400,1359,312918,4326,25077,757585,19744,8036,116974,DRX037221,PRJDB2675,DRS008154,SAMD00005363,RIKEN_OSC,DOI: 10.1038/nbt.3947,28829439
DRR041602,DRP001151,Illumina HiSeq 2000,miRNA-Seq,unspecified,Fibroblast,No,Fibroblast_gum_fetal,159,24,491519,442768,40215,246942,245470,360,1219,54990,3698,8867,72174,10930,3056,40892,DRX037236,PRJDB2675,DRS008153,SAMD00005390,RIKEN_OSC,DOI: 10.1038/nbt.3947,28829439
DRR041544,DRP001151,Illumina HiSeq 2000,miRNA-Seq,unspecified,Fibroblast,No,Fibroblast_heart_fetal,159,24,1953458,1811958,91900,872682,871113,447,1744,522706,5724,44397,192891,56070,20330,95414,DRX037178,PRJDB2675,DRS008137,SAMD00005613,RIKEN_OSC,DOI: 10.1038/nbt.3947,28829439
DRR041558,DRP001151,Illumina HiSeq 2000,miRNA-Seq,unspecified,Fibroblast,No,Fibroblast_heart_fetal,159,24,1841202,1590374,117913,713434,709966,467,1023,499570,6098,22177,168915,42847,7363,128947,DRX037192,PRJDB2675,DRS008136,SAMD00005873,RIKEN_OSC,DOI: 10.1038/nbt.3947,28829439
DRR041571,DRP001151,Illumina HiSeq 2000,miRNA-Seq,unspecified,Fibroblast,No,Fibroblast_heart_fetal,159,24,953538,827551,85262,490224,488173,423,962,81208,5901,20952,116387,28101,11728,72088,DRX037205,PRJDB2675,DRS008135,SAMD00005836,RIKEN_OSC,DOI: 10.1038/nbt.3947,28829439
SRR8417876,SRP176627,NextSeq 500,miRNA-Seq,size fractionation,Fibroblast,No,Fibroblast_lung,30,24,11431800,11431800,392364,6602818,6577008,830,19456,1107697,68200,436769,1563061,364998,102190,1166611,SRX5226961,PRJNA513488,SRS4230813,SAMN10713580,GEO,DOI: 10.3390/jcm8030308,30841487
SRR8417877,SRP176627,NextSeq 500,miRNA-Seq,size fractionation,Fibroblast,No,Fibroblast_lung,30,24,11455087,11455087,379872,7329279,7307372,824,16811,1186825,40537,345665,1210355,324960,88227,912428,SRX5226962,PRJNA513488,SRS4230814,SAMN10713579,GEO,DOI: 10.3390/jcm8030308,30841487
SRR8417878,SRP176627,NextSeq 500,miRNA-Seq,size fractionation,Fibroblast,No,Fibroblast_lung,30,24,12400442,12400442,355315,7795929,7774241,834,14926,1319791,28714,340049,1380906,343742,80900,1095485,SRX5226963,PRJNA513488,SRS4230815,SAMN10713578,GEO,DOI: 10.3390/jcm8030308,30841487
DRR041401,DRP001151,Illumina HiSeq 2000,miRNA-Seq,unspecified,Fibroblast,No,Fibroblast_lung_fetal,159,24,1710713,1423543,77372,787748,782244,475,1978,90220,8484,44352,335497,44056,8202,103006,DRX037035,PRJDB2675,DRS008157,SAMD00004854,RIKEN_OSC,DOI: 10.1038/nbt.3947,28829439
DRR041608,DRP001151,Illumina HiSeq 2000,miRNA-Seq,unspecified,Fibroblast,No,Fibroblast_lung_fetal,159,24,286301,266943,21949,144738,144027,287,541,70711,1894,3917,21826,6107,1294,15915,DRX037242,PRJDB2675,DRS008159,SAMD00005677,RIKEN_OSC,DOI: 10.1038/nbt.3947,28829439
DRR041622,DRP001151,Illumina HiSeq 2000,miRNA-Seq,unspecified,Fibroblast,No,Fibroblast_lung_fetal,159,24,2560424,2358906,96371,1526908,1523637,525,5412,463824,16077,31859,148029,39284,11030,116483,DRX037256,PRJDB2675,DRS008158,SAMD00005365,RIKEN_OSC,DOI: 10.1038/nbt.3947,28829439
DRR041367,DRP001151,Illumina HiSeq 2000,miRNA-Seq,unspecified,Fibroblast,No,Fibroblast_lymph_node,159,24,1775651,1648747,73662,639749,635659,459,1394,57437,4638,44318,749296,31383,7817,112715,DRX037001,PRJDB2675,DRS008161,SAMD00004993,RIKEN_OSC,DOI: 10.1038/nbt.3947,28829439
DRR041424,DRP001151,Illumina HiSeq 2000,miRNA-Seq,unspecified,Fibroblast,No,Fibroblast_lymph_node,159,24,2888993,2751700,105406,1064479,1059822,530,3165,111793,7582,68596,1183898,53881,14892,243414,DRX037058,PRJDB2675,DRS008160,SAMD00004725,RIKEN_OSC,DOI: 10.1038/nbt.3947,28829439
DRR041628,DRP001151,Illumina HiSeq 2000,miRNA-Seq,unspecified,Fibroblast,No,Fibroblast_lymph_node,159,24,1854781,1781321,70846,721771,720197,430,2362,259511,4816,24832,644853,24241,5615,93320,DRX037262,PRJDB2675,DRS008162,SAMD00004947,RIKEN_OSC,DOI: 10.1038/nbt.3947,28829439
DRR041395,DRP001151,Illumina HiSeq 2000,miRNA-Seq,unspecified,Fibroblast,No,Fibroblast_periodontal_fetal,159,24,1435336,1164619,68911,504728,501819,425,1360,40994,4839,26607,427187,20584,9884,128436,DRX037029,PRJDB2675,DRS008168,SAMD00005345,RIKEN_OSC,DOI: 10.1038/nbt.3947,28829439
DRR041410,DRP001151,Illumina HiSeq 2000,miRNA-Seq,unspecified,Fibroblast,No,Fibroblast_periodontal_fetal,159,24,1592765,1413183,82457,444334,440237,484,2003,54558,6887,39046,661245,33259,11543,160308,DRX037044,PRJDB2675,DRS008167,SAMD00005857,RIKEN_OSC,DOI: 10.1038/nbt.3947,28829439
DRR041458,DRP001151,Illumina HiSeq 2000,miRNA-Seq,unspecified,Fibroblast,No,Fibroblast_periodontal_ligament_fetal,159,24,1392736,1101177,81713,567586,563466,484,2447,63929,9071,44194,237878,47647,11359,117066,DRX037092,PRJDB2675,DRS008166,SAMD00005091,RIKEN_OSC,DOI: 10.1038/nbt.3947,28829439
DRR041477,DRP001151,Illumina HiSeq 2000,miRNA-Seq,unspecified,Fibroblast,No,Fibroblast_pulmonary_artery,159,24,347277,282717,29287,80128,79584,298,233,14254,1640,15498,111889,12058,2978,44039,DRX037111,PRJDB2675,DRS008172,SAMD00005559,RIKEN_OSC,DOI: 10.1038/nbt.3947,28829439
DRR041349,DRP001151,Illumina HiSeq 2000,miRNA-Seq,unspecified,Fibroblast,No,Fibroblast_skin,159,24,1633439,1245118,123373,233021,227315,366,1276,176379,2127,218433,279508,93690,45097,195587,DRX036983,PRJDB2675,DRS007931,SAMD00005582,RIKEN_OSC,DOI: 10.1038/nbt.3947,28829439
DRR041358,DRP001151,Illumina HiSeq 2000,miRNA-Seq,unspecified,Fibroblast,No,Fibroblast_skin,159,24,1519086,1223574,87215,657631,650394,482,1481,100804,4722,62958,207401,49322,16716,122539,DRX036992,PRJDB2675,DRS008146,SAMD00004983,RIKEN_OSC,DOI: 10.1038/nbt.3947,28829439
DRR041564,DRP001151,Illumina HiSeq 2000,miRNA-Seq,unspecified,Fibroblast,No,Fibroblast_skin,159,24,977726,856349,50774,444122,441787,403,2566,247505,4984,14896,71192,15491,6201,49392,DRX037198,PRJDB2675,DRS008148,SAMD00004749,RIKEN_OSC,DOI: 10.1038/nbt.3947,28829439
DRR041580,DRP001151,Illumina HiSeq 2000,miRNA-Seq,unspecified,Fibroblast,No,Fibroblast_skin,159,24,2879230,2578056,152134,817023,810405,538,5104,1026014,12806,45448,369333,59005,19198,224125,DRX037214,PRJDB2675,DRS008147,SAMD00005260,RIKEN_OSC,DOI: 10.1038/nbt.3947,28829439
DRR041514,DRP001151,Illumina HiSeq 2000,miRNA-Seq,unspecified,Fibroblast,No,Fibroblast_trophoblast,159,24,1440699,1293363,82234,426994,423790,479,1398,63095,4077,35816,589611,35099,9385,127888,DRX037148,PRJDB2675,DRS008173,SAMD00005534,RIKEN_OSC,DOI: 10.1038/nbt.3947,28829439
DRR041504,DRP001151,Illumina HiSeq 2000,miRNA-Seq,unspecified,Fat,No,Lipocyte,159,66,2314993,2048529,109108,572588,570579,497,1091,69674,3792,77985,1085273,65077,14258,158791,DRX037138,PRJDB2675,DRS008197,SAMD00004864,RIKEN_OSC,DOI: 10.1038/nbt.3947,28829439
DRR041616,DRP001151,Illumina HiSeq 2000,miRNA-Seq,unspecified,Fat,No,Lipocyte,159,66,2910584,2762162,124203,735695,732831,530,1649,404803,8425,51709,1290128,50939,13774,205040,DRX037250,PRJDB2675,DRS008196,SAMD00004821,RIKEN_OSC,DOI: 10.1038/nbt.3947,28829439
SRR5127205,SRP095572,Illumina HiSeq 2500,miRNA-Seq,other,Fibroblast,SRR5127205,Fibroblast_dermal,151,24,11598810,11387050,1204748,7724929,7683142,716,19276,506540,16969,208568,983437,167723,44915,1714693,SRX2441483,PRJNA358331,SRS1876149,SAMN06176845,JOHNS HOPKINS UNIVERSITY SOM,10.1101/gr.222067.117,28877962
SRR5127206,SRP095572,Illumina HiSeq 2500,miRNA-Seq,other,Fibroblast,SRR5127206,Fibroblast_aortic_adventitial,151,24,14785824,14539944,1432794,8167255,8126602,731,12110,1526627,28432,278028,1554055,329251,43149,2601037,SRX2441484,PRJNA358331,SRS1876150,SAMN06176859,JOHNS HOPKINS UNIVERSITY SOM,10.1101/gr.222067.117,28877962
SRR5127220,SRP095572,Illumina HiSeq 2500,miRNA-Seq,other,Fibroblast,SRR5127220,Myofibroblast,151,24,12737293,12271554,603230,7604005,7577819,944,17940,1557434,49481,323493,1087301,345016,72463,1214421,SRX2441498,PRJNA358331,SRS1876164,SAMN06176866,JOHNS HOPKINS UNIVERSITY SOM,10.1101/gr.222067.117,28877962
SRR5127225,SRP095572,Illumina HiSeq 2500,miRNA-Seq,other,Fibroblast,SRR5127225,Fibroblast_dermal_fetal,151,24,10993005,10801918,1382450,6810756,6759140,785,28499,507639,41554,301668,717284,241365,56394,2096759,SRX2441503,PRJNA358331,SRS1876169,SAMN06176846,JOHNS HOPKINS UNIVERSITY SOM,10.1101/gr.222067.117,28877962
SRR5127226,SRP095572,Illumina HiSeq 2500,miRNA-Seq,other,Fibroblast,SRR5127226,Stromal_cell_prostate,151,24,13613209,12965552,569870,8222481,8173026,888,17537,1056263,40173,411243,1588894,346754,68399,1213808,SRX2441504,PRJNA358331,SRS1876170,SAMN06176861,JOHNS HOPKINS UNIVERSITY SOM,10.1101/gr.222067.117,28877962
SRR5127227,SRP095572,Illumina HiSeq 2500,miRNA-Seq,other,Fibroblast,SRR5127227,Fibroblast_periodontal_ligament,151,24,11212707,11000901,1284176,6636809,6597548,721,28221,799550,48859,255263,969734,225142,54761,1982562,SRX2441505,PRJNA358331,SRS1876171,SAMN06176860,JOHNS HOPKINS UNIVERSITY SOM,10.1101/gr.222067.117,28877962
SRR5127231,SRP095572,Illumina HiSeq 2000,miRNA-Seq,other,Fibroblast,SRR5127231,Fibroblast,151,24,11018389,9751320,383272,4842797,4778329,648,7669,449694,42155,123092,1397983,258688,48286,2580956,SRX2441509,PRJNA358331,SRS1876175,SAMN06176874,JOHNS HOPKINS UNIVERSITY SOM,10.1101/gr.222067.117,28877962
SRR5127232,SRP095572,Illumina HiSeq 2500,miRNA-Seq,other,RBC,SRR5127232,Red_blood_cell,151,49,24526629,24287204,170379,21298180,21292211,728,20032,105694,108,31541,622327,1802986,8791,397545,SRX2441510,PRJNA358331,SRS1876176,SAMN06176871,JOHNS HOPKINS UNIVERSITY SOM,10.1101/gr.222067.117,28877962
SRR5127236,SRP095572,Illumina HiSeq 2500,miRNA-Seq,other,Fibroblast,SRR5127236,Fibroblast_ventricular_cardiac,151,24,31950817,30890602,866967,7683850,7654903,846,12063,1325386,48132,425228,17553928,455198,72671,3314146,SRX2441514,PRJNA358331,SRS1876180,SAMN06176847,JOHNS HOPKINS UNIVERSITY SOM,10.1101/gr.222067.117,28877962
ERR1517157,ERP016351,Illumina HiSeq 2500,miRNA-Seq,RANDOM,Fibroblast,No,Mesenchymal_stromal_cell,2,7,4626965,4194605,2568363,1069543,1011734,413,547,129478,724,7018,49321,30782,23630,2883562,ERX1588177,PRJEB14691,ERS1234146,SAMEA4063036,Gabriel Dorado,DOI: 10.1002/jcp.25472,27349923
ERR1517159,ERP016351,Illumina HiSeq 2500,miRNA-Seq,RANDOM,Fibroblast,No,Mesenchymal_stromal_cell,2,7,4799063,4363672,1928830,1752873,1654376,449,904,140596,1913,11478,90399,34296,17455,2313758,ERX1588179,PRJEB14691,ERS1234148,SAMEA4063038,Gabriel Dorado,DOI: 10.1002/jcp.25472,27349923
SRR5647649,SRP108655,Illumina HiSeq 2000,miRNA-Seq,RT-PCR,Fibroblast,No,Mesenchymal_stromal_cell,38,7,30418726,30417624,748917,9425029,9369453,827,60395,2799882,206641,1535541,11688650,1569884,608673,2522929,SRX2885262,PRJNA389359,SRS2253351,SAMN07196171,CATHOLIC HIGH PERFORMANCE CELL THERAPY CENTER,-,-
SRR5647650,SRP108655,Illumina HiSeq 2000,miRNA-Seq,RT-PCR,Fibroblast,No,Mesenchymal_stromal_cell,38,7,34210392,34207801,887583,21346190,21320176,999,8817,1186293,7535,422463,9002014,1028391,290324,915774,SRX2885261,PRJNA389359,SRS2253350,SAMN07196170,CATHOLIC HIGH PERFORMANCE CELL THERAPY CENTER,-,-
SRR5649832,SRP108655,Illumina HiSeq 2000,miRNA-Seq,RT-PCR,Fibroblast,No,Mesenchymal_stromal_cell,38,7,30418726,30417624,748917,9425029,9369453,827,60395,2799882,206641,1535541,11688650,1569884,608673,2522929,SRX2886914,PRJNA389359,SRS2254951,SAMN07200652,CATHOLIC HIGH PERFORMANCE CELL THERAPY CENTER,-,-
SRR5649833,SRP108655,Illumina HiSeq 2000,miRNA-Seq,RT-PCR,Fibroblast,No,Mesenchymal_stromal_cell,38,7,34210392,34207801,887583,21346190,21320176,999,8817,1186293,7535,422463,9002014,1028391,290324,915774,SRX2886913,PRJNA389359,SRS2254950,SAMN07200651,CATHOLIC HIGH PERFORMANCE CELL THERAPY CENTER,-,-
DRR041355,DRP001151,Illumina HiSeq 2000,miRNA-Seq,unspecified,Fat,No,Preadipocyte,159,47,1478056,1156543,86199,356732,355142,371,1219,7116,1105,228918,366522,60120,8134,126677,DRX036989,PRJDB2675,DRS007934,SAMD00005354,RIKEN_OSC,DOI: 10.1038/nbt.3947,28829439
DRR041447,DRP001151,Illumina HiSeq 2000,miRNA-Seq,unspecified,Fat,No,Preadipocyte,159,47,1807275,1620287,69718,1172002,1169635,439,809,75857,2635,58086,201236,29295,8614,71753,DRX037081,PRJDB2675,DRS008301,SAMD00004851,RIKEN_OSC,DOI: 10.1038/nbt.3947,28829439
DRR041467,DRP001151,Illumina HiSeq 2000,miRNA-Seq,unspecified,Fat,No,Preadipocyte,159,47,2822419,2386151,102587,1185361,1181094,542,3483,150510,12882,64528,740208,65105,16221,147853,DRX037101,PRJDB2675,DRS008305,SAMD00005889,RIKEN_OSC,DOI: 10.1038/nbt.3947,28829439
DRR041473,DRP001151,Illumina HiSeq 2000,miRNA-Seq,unspecified,Fat,No,Preadipocyte,159,47,2659537,2330194,90157,1665472,1662934,476,1419,133278,5845,91272,276919,47199,9267,99523,DRX037107,PRJDB2675,DRS008300,SAMD00005471,RIKEN_OSC,DOI: 10.1038/nbt.3947,28829439
DRR041487,DRP001151,Illumina HiSeq 2000,miRNA-Seq,unspecified,Fat,No,Preadipocyte,159,47,1577400,1471200,87722,903824,898341,526,3646,130854,6188,47829,200200,40201,14345,124113,DRX037121,PRJDB2675,DRS008308,SAMD00005228,RIKEN_OSC,DOI: 10.1038/nbt.3947,28829439
DRR041493,DRP001151,Illumina HiSeq 2000,miRNA-Seq,unspecified,Fat,No,Preadipocyte,159,47,2567091,2448607,95480,1781659,1779503,502,1349,108367,4248,83204,296559,45310,12651,115260,DRX037127,PRJDB2675,DRS008302,SAMD00005229,RIKEN_OSC,DOI: 10.1038/nbt.3947,28829439
DRR041511,DRP001151,Illumina HiSeq 2000,miRNA-Seq,unspecified,Fat,No,Preadipocyte,159,47,1702268,1445513,115626,786551,779979,525,3402,179653,7487,39782,225444,42230,19937,141027,DRX037145,PRJDB2675,DRS008306,SAMD00004847,RIKEN_OSC,DOI: 10.1038/nbt.3947,28829439
DRR041517,DRP001151,Illumina HiSeq 2000,miRNA-Seq,unspecified,Fat,No,Preadipocyte,159,47,2196446,1967621,67891,1546300,1544320,461,830,49840,4457,76926,184866,35441,6295,62666,DRX037151,PRJDB2675,DRS008303,SAMD00005026,RIKEN_OSC,DOI: 10.1038/nbt.3947,28829439
DRR041527,DRP001151,Illumina HiSeq 2000,miRNA-Seq,unspecified,Fat,No,Preadipocyte,159,47,1643496,1397313,143418,677335,673280,485,2065,206880,3989,38417,202163,35868,110699,119897,DRX037161,PRJDB2675,DRS008309,SAMD00005360,RIKEN_OSC,DOI: 10.1038/nbt.3947,28829439
DRR041536,DRP001151,Illumina HiSeq 2000,miRNA-Seq,unspecified,Fat,No,Preadipocyte,159,47,2681089,2511383,79976,1552025,1550414,475,1152,605737,6896,42763,165071,35711,5696,96332,DRX037170,PRJDB2675,DRS008304,SAMD00005735,RIKEN_OSC,DOI: 10.1038/nbt.3947,28829439
DRR041554,DRP001151,Illumina HiSeq 2000,miRNA-Seq,unspecified,Fat,No,Preadipocyte,159,47,2096707,1898122,71288,1065863,1062745,470,3382,578714,5408,18290,119822,22660,7284,76699,DRX037188,PRJDB2675,DRS008307,SAMD00005562,RIKEN_OSC,DOI: 10.1038/nbt.3947,28829439
DRR041575,DRP001151,Illumina HiSeq 2000,miRNA-Seq,unspecified,Fat,No,Preadipocyte,159,47,2719091,2492791,105143,1149803,1144971,517,4553,912475,10669,33126,168309,37424,13941,162491,DRX037209,PRJDB2675,DRS008310,SAMD00004752,RIKEN_OSC,DOI: 10.1038/nbt.3947,28829439
SRR1044598,SRP033566,Illumina Genome Analyzer IIx,RNA-Seq,size fractionation,RBC,No,Red_blood_cell,1,49,1290214,1262255,16514,1235543,1125449,146,7128,656,19,70,1284,7384,35,10136,SRX388389,PRJNA230811,SRS512276,SAMN02437714,GEO,DOI: 10.1073/pnas.1401724111,25012294
SRR5755825,SRP110505,Illumina HiSeq 2000,miRNA-Seq,size fractionation,RBC,No,Red_blood_cell,158,49,3204336,1563144,22192,973090,972505,255,529,3312,1,257,3720,30023,419,551793,SRX2956005,PRJNA391912,SRS2313208,SAMN07277879,GEO,DOI: 10.1093/nar/gkx706,28934507
SRR5755860,SRP110505,Illumina HiSeq 2000,miRNA-Seq,size fractionation,RBC,No,Red_blood_cell,158,49,10300082,10159150,644230,161921,105151,147,105,1008,1,1026,4667,35307,1191,9953924,SRX2956040,PRJNA391912,SRS2313243,SAMN07277695,GEO,DOI: 10.1093/nar/gkx706,28934507
SRR5755895,SRP110505,Illumina HiSeq 2000,miRNA-Seq,size fractionation,RBC,No,Red_blood_cell,158,49,3554511,2644478,23836,79800,78435,127,85,1174,2,132,806,5583,51,2556845,SRX2956075,PRJNA391912,SRS2313278,SAMN07277712,GEO,DOI: 10.1093/nar/gkx706,28934507
SRR5755902,SRP110505,Illumina HiSeq 2000,miRNA-Seq,size fractionation,RBC,No,Red_blood_cell,158,49,3646607,2899171,23504,173707,172730,173,251,1556,0,135,2443,10025,83,2710971,SRX2956082,PRJNA391912,SRS2313285,SAMN07277864,GEO,DOI: 10.1093/nar/gkx706,28934507
SRR5755909,SRP110505,Illumina HiSeq 2000,miRNA-Seq,size fractionation,RBC,No,Red_blood_cell,158,49,3351764,2755627,21637,214714,213770,174,103,876,0,173,1848,10068,76,2527769,SRX2956089,PRJNA391912,SRS2313292,SAMN07277856,GEO,DOI: 10.1093/nar/gkx706,28934507
SRR5755916,SRP110505,Illumina HiSeq 2000,miRNA-Seq,size fractionation,RBC,No,Red_blood_cell,158,49,1933432,1543721,16680,189166,187678,172,280,654,0,571,2050,14087,234,1336679,SRX2956096,PRJNA391912,SRS2313299,SAMN07277390,GEO,DOI: 10.1093/nar/gkx706,28934507
SRR5755923,SRP110505,Illumina HiSeq 2000,miRNA-Seq,size fractionation,RBC,No,Red_blood_cell,158,49,1731866,1713796,11344,103714,102561,132,89,282,1,602,1215,6611,205,1601077,SRX2956103,PRJNA391912,SRS2313306,SAMN07277516,GEO,DOI: 10.1093/nar/gkx706,28934507
SRR5755930,SRP110505,Illumina HiSeq 2000,miRNA-Seq,size fractionation,RBC,No,Red_blood_cell,158,49,3470944,3421165,25474,328796,325951,193,250,1049,0,1174,5926,27379,395,3056196,SRX2956110,PRJNA391912,SRS2313313,SAMN07277509,GEO,DOI: 10.1093/nar/gkx706,28934507
SRR5755937,SRP110505,Illumina HiSeq 2000,miRNA-Seq,size fractionation,RBC,No,Red_blood_cell,158,49,2600893,2408905,16326,130428,129257,142,116,946,1,970,1810,8231,322,2266081,SRX2956117,PRJNA391912,SRS2313320,SAMN07277502,GEO,DOI: 10.1093/nar/gkx706,28934507
SRR5755944,SRP110505,Illumina HiSeq 2000,miRNA-Seq,size fractionation,RBC,No,Red_blood_cell,158,49,1490589,1201116,11198,131781,131518,147,123,511,0,148,1923,7723,65,1058842,SRX2956124,PRJNA391912,SRS2313327,SAMN07277525,GEO,DOI: 10.1093/nar/gkx706,28934507
SRR5755951,SRP110505,Illumina HiSeq 2000,miRNA-Seq,size fractionation,RBC,No,Red_blood_cell,158,49,1721543,1468154,12731,129694,129379,140,65,408,0,132,3093,10536,53,1324173,SRX2956131,PRJNA391912,SRS2313334,SAMN07277518,GEO,DOI: 10.1093/nar/gkx706,28934507
SRR5755958,SRP110505,Illumina HiSeq 2000,miRNA-Seq,size fractionation,RBC,No,Red_blood_cell,158,49,3128728,2338014,16934,130356,129595,138,67,1030,0,209,4933,13393,94,2187932,SRX2956138,PRJNA391912,SRS2313341,SAMN07277627,GEO,DOI: 10.1093/nar/gkx706,28934507
SRR5755965,SRP110505,Illumina HiSeq 2000,miRNA-Seq,size fractionation,RBC,No,Red_blood_cell,158,49,2040382,1554456,13704,71684,71377,121,81,841,0,149,2779,8472,60,1470390,SRX2956145,PRJNA391912,SRS2313348,SAMN07277620,GEO,DOI: 10.1093/nar/gkx706,28934507
SRR5755972,SRP110505,Illumina HiSeq 2000,miRNA-Seq,size fractionation,RBC,No,Red_blood_cell,158,49,1768512,1691233,10541,117567,117272,147,134,302,0,365,1027,6849,128,1564861,SRX2956152,PRJNA391912,SRS2313355,SAMN07277643,GEO,DOI: 10.1093/nar/gkx706,28934507
SRR5755979,SRP110505,Illumina HiSeq 2000,miRNA-Seq,size fractionation,RBC,No,Red_blood_cell,158,49,4944185,3760068,27796,535710,534724,239,234,2521,1,886,10588,33932,394,3175802,SRX2956159,PRJNA391912,SRS2313362,SAMN07277636,GEO,DOI: 10.1093/nar/gkx706,28934507
SRR5755986,SRP110505,Illumina HiSeq 2000,miRNA-Seq,size fractionation,RBC,No,Red_blood_cell,158,49,7347679,4068070,30166,727317,725438,267,620,1815,2,1269,5493,32673,427,3298454,SRX2956166,PRJNA391912,SRS2313369,SAMN07277786,GEO,DOI: 10.1093/nar/gkx706,28934507
SRR5755993,SRP110505,Illumina HiSeq 2000,miRNA-Seq,size fractionation,RBC,No,Red_blood_cell,158,49,7368450,3909318,38602,584424,582239,258,407,2607,1,1213,9607,25819,495,3284745,SRX2956173,PRJNA391912,SRS2313376,SAMN07277778,GEO,DOI: 10.1093/nar/gkx706,28934507
SRR5756000,SRP110505,Illumina HiSeq 2000,miRNA-Seq,size fractionation,RBC,No,Red_blood_cell,158,49,3141008,3075666,23682,640454,639984,243,573,2334,2,249,6928,35390,249,2389487,SRX2956180,PRJNA391912,SRS2313383,SAMN07277770,GEO,DOI: 10.1093/nar/gkx706,28934507
SRR5756007,SRP110505,Illumina HiSeq 2000,miRNA-Seq,size fractionation,RBC,No,Red_blood_cell,158,49,2255975,2200737,15426,468707,468373,213,225,1755,2,259,4378,20576,170,1704665,SRX2956187,PRJNA391912,SRS2313389,SAMN07277843,GEO,DOI: 10.1093/nar/gkx706,28934507
SRR5756060,SRP110505,Illumina HiSeq 2000,miRNA-Seq,size fractionation,RBC,No,Red_blood_cell,158,49,3533822,2213256,20408,101851,100061,138,31,288,0,296,1341,5271,82,2104096,SRX2956240,PRJNA391912,SRS2313443,SAMN07277401,GEO,DOI: 10.1093/nar/gkx706,28934507
SRR5756067,SRP110505,Illumina HiSeq 2000,miRNA-Seq,size fractionation,RBC,No,Red_blood_cell,158,49,2754914,2005278,18679,173165,172124,164,214,409,1,230,2306,11571,83,1817299,SRX2956247,PRJNA391912,SRS2313450,SAMN07277816,GEO,DOI: 10.1093/nar/gkx706,28934507
SRR5756074,SRP110505,Illumina HiSeq 2000,miRNA-Seq,size fractionation,RBC,No,Red_blood_cell,158,49,3988169,2483959,22616,360039,358582,226,175,916,0,748,2977,23492,262,2095350,SRX2956254,PRJNA391912,SRS2313457,SAMN07277809,GEO,DOI: 10.1093/nar/gkx706,28934507
SRR5756081,SRP110505,Illumina HiSeq 2000,miRNA-Seq,size fractionation,RBC,No,Red_blood_cell,158,49,2446292,1849344,17402,303810,303166,204,295,336,0,492,1564,14218,173,1528456,SRX2956261,PRJNA391912,SRS2313464,SAMN07277802,GEO,DOI: 10.1093/nar/gkx706,28934507
SRR5756088,SRP110505,Illumina HiSeq 2000,miRNA-Seq,size fractionation,RBC,No,Red_blood_cell,158,49,3416917,2440903,16343,119109,118293,145,74,303,0,791,2176,9690,191,2308569,SRX2956268,PRJNA391912,SRS2313471,SAMN07277795,GEO,DOI: 10.1093/nar/gkx706,28934507
SRR5756095,SRP110505,Illumina HiSeq 2000,miRNA-Seq,size fractionation,RBC,No,Red_blood_cell,158,49,3241033,2599707,21029,343341,342483,204,220,819,0,800,2310,17157,218,2234842,SRX2956275,PRJNA391912,SRS2313478,SAMN07277792,GEO,DOI: 10.1093/nar/gkx706,28934507
SRR5756102,SRP110505,Illumina HiSeq 2000,miRNA-Seq,size fractionation,RBC,No,Red_blood_cell,158,49,4078586,3669467,22668,379464,376801,193,243,981,2,1502,3315,16307,395,3267258,SRX2956282,PRJNA391912,SRS2313485,SAMN07277757,GEO,DOI: 10.1093/nar/gkx706,28934507
SRR5756109,SRP110505,Illumina HiSeq 2000,miRNA-Seq,size fractionation,RBC,No,Red_blood_cell,158,49,6966323,6745723,26892,168719,163414,160,63,1020,0,2359,2841,7064,534,6563123,SRX2956289,PRJNA391912,SRS2313492,SAMN07277749,GEO,DOI: 10.1093/nar/gkx706,28934507
SRR7545527,SRP154556,Illumina HiSeq 2500,miRNA-Seq,size fractionation,RBC,No,Red_blood_cell,28,49,16007105,14034589,98082,12942997,12940117,555,4788,18308,180,470,156207,158756,6471,746412,SRX4411819,PRJNA482110,SRS3565389,SAMN09695777,GEO,-,-
SRR7545528,SRP154556,Illumina HiSeq 2500,miRNA-Seq,size fractionation,RBC,No,Red_blood_cell,28,49,13750987,13371723,88215,12789818,12787709,540,2816,97232,240,538,84548,142984,5504,248043,SRX4411820,PRJNA482110,SRS3565390,SAMN09695786,GEO,-,-
SRR7545529,SRP154556,Illumina HiSeq 2500,miRNA-Seq,size fractionation,RBC,No,Red_blood_cell,28,49,17203187,16057701,119845,15096410,15093685,557,12600,76946,265,830,187138,237300,9414,436798,SRX4411821,PRJNA482110,SRS3565391,SAMN09695785,GEO,-,-
SRR11835803,SRP263090,Illumina HiSeq 2000,miRNA-Seq,size fractionation,Fibroblast,No,Stellate_cell,67,58,10842746,6095383,326615,479552,432073,404,489,2255768,9690,84690,2089148,241624,58388,876034,SRX8386217,PRJNA634670,SRS6700023,SAMN15003126,GEO,-,-
SRR11835804,SRP263090,Illumina HiSeq 2000,miRNA-Seq,size fractionation,Fibroblast,No,Stellate_cell,67,58,10709858,3534276,274199,88553,71313,255,86,667463,1992,53583,2187217,105258,65257,364867,SRX8386218,PRJNA634670,SRS6700024,SAMN15003125,GEO,-,-
SRR11835805,SRP263090,Illumina HiSeq 2000,miRNA-Seq,size fractionation,Fibroblast,No,Stellate_cell,67,58,12272360,4212097,312250,90167,72805,259,124,631226,2038,64565,2807977,115659,78685,421656,SRX8386219,PRJNA634670,SRS6700025,SAMN15003124,GEO,-,-
SRR11835806,SRP263090,Illumina HiSeq 2000,miRNA-Seq,size fractionation,Fibroblast,No,Stellate_cell,67,58,11152815,5984296,343367,770183,729369,381,468,2136064,8527,74305,1969940,216664,70611,737534,SRX8386220,PRJNA634670,SRS6700026,SAMN15003123,GEO,-,-
SRR11835807,SRP263090,Illumina HiSeq 2000,miRNA-Seq,size fractionation,Fibroblast,No,Stellate_cell,67,58,11801847,7004183,375428,1458198,1398932,412,565,2242141,13342,93378,1873421,262614,68039,992485,SRX8386221,PRJNA634670,SRS6700027,SAMN15003122,GEO,-,-
SRR11835808,SRP263090,Illumina HiSeq 2000,miRNA-Seq,size fractionation,Fibroblast,No,Stellate_cell,67,58,8614348,5262729,315188,1012013,975253,375,434,1892005,10107,82894,1271574,194418,47481,751803,SRX8386222,PRJNA634670,SRS6700028,SAMN15003121,GEO,-,-
DRR041383,DRP001151,Illumina HiSeq 2000,miRNA-Seq,unspecified,Fibroblast,No,Stromal_cell_pancreas,159,24,1510685,837300,53896,474310,472036,458,1086,47946,4497,31866,180013,29988,5711,61883,DRX037017,PRJDB2675,DRS008287,SAMD00005906,RIKEN_OSC,DOI: 10.1038/nbt.3947,28829439
DRR041377,DRP001151,Illumina HiSeq 2000,miRNA-Seq,unspecified,Fibroblast,No,Stromal_cell_prostate,159,24,1329771,691722,42807,426275,424549,450,436,36659,2884,24957,130979,19520,4115,45897,DRX037011,PRJDB2675,DRS008316,SAMD00005095,RIKEN_OSC,DOI: 10.1038/nbt.3947,28829439
DRR041523,DRP001151,Illumina HiSeq 2000,miRNA-Seq,unspecified,Fibroblast,No,Stromal_cell_prostate,159,24,858730,694792,55972,403499,401382,459,678,47866,7010,30101,116709,23063,5380,60486,DRX037157,PRJDB2675,DRS008314,SAMD00005323,RIKEN_OSC,DOI: 10.1038/nbt.3947,28829439
DRR041566,DRP001151,Illumina HiSeq 2000,miRNA-Seq,unspecified,Fibroblast,No,Stromal_cell_prostate,159,24,807928,682158,49588,311797,310106,416,1057,211970,6946,11842,67079,14518,3641,53308,DRX037200,PRJDB2675,DRS008315,SAMD00004800,RIKEN_OSC,DOI: 10.1038/nbt.3947,28829439
SRR948071,SRP028526,Illumina HiSeq 2500,RNA-Seq,size fractionation,Fibroblast,SRR948071,Valve_interstitial_cell,163,24,"4,000,000",3698092,201800,2926209,2919542,458,3353,206215,2452,68024,129606,36119,12604,313510,SRX331689,PRJNA214242,SRS467229,SAMN02302998,GEO,10.1096/fj.14-257808,25630970
SRR948072,SRP028526,Illumina HiSeq 2500,RNA-Seq,size fractionation,Fibroblast,SRR948072,Valve_interstitial_cell,163,24,"4,000,000",3698389,205835,2915562,2908875,462,3519,235999,2349,60457,128016,37780,13310,301397,SRX331690,PRJNA214242,SRS467230,SAMN02302999,GEO,10.1096/fj.14-257808,25630970
SRR948073,SRP028526,Illumina HiSeq 2500,RNA-Seq,size fractionation,Fibroblast,SRR948073,Valve_interstitial_cell,163,24,"4,000,000",3623366,236632,2806653,2797531,440,3218,210062,2121,57573,109643,32718,10831,390547,SRX331691,PRJNA214242,SRS467231,SAMN02303001,GEO,10.1096/fj.14-257808,25630970
SRR948074,SRP028526,Illumina HiSeq 2500,RNA-Seq,size fractionation,Fibroblast,SRR948074,Valve_interstitial_cell,163,24,"4,000,000",3464729,180369,2863844,2856223,460,2880,149089,2240,48146,84399,28101,12002,274028,SRX331692,PRJNA214242,SRS467232,SAMN02303000,GEO,10.1096/fj.14-257808,25630970
SRR948075,SRP028526,Illumina HiSeq 2500,RNA-Seq,size fractionation,Fibroblast,SRR948075,Valve_interstitial_cell,163,24,"4,000,000",3854154,191150,3074792,3069621,465,4163,265867,2025,72269,125698,36096,12182,261062,SRX331693,PRJNA214242,SRS467233,SAMN02303002,GEO,10.1096/fj.14-257808,25630970
SRR948076,SRP028526,Illumina HiSeq 2500,RNA-Seq,size fractionation,Fibroblast,SRR948076,Valve_interstitial_cell,163,24,"4,000,000",3598442,177144,2964893,2958095,455,2920,173185,2058,49001,91115,28956,10333,275981,SRX331694,PRJNA214242,SRS467234,SAMN02303004,GEO,10.1096/fj.14-257808,25630970
